id,fen,plies
KK,,
KNK,,
KBK,,
KRK,7K/8/8/8/8/8/2k5/1R6 w - - ,31
KQK,7K/6Q1/8/8/8/3k4/8/8 w - - ,19
KKN,,
KKB,,
KKR,,
KKQ,,
KPK,8/8/8/1k6/8/8/K5P1/8 w - - ,55
KKP,,
KNNK,8/8/8/8/8/2N5/8/k1K1N3 w - - ,1
KBNK,8/8/8/8/8/7B/8/Nk5K w - - ,65
KRNK,7K/8/8/8/8/3N4/2k5/1R6 w - - ,31
KQNK,7K/7N/8/8/8/2k5/7Q/8 w - - ,17
KNKN,8/8/8/8/8/8/n1K5/k1N5 w - - ,1
KNKB,8/8/8/8/8/8/b7/k1K1N3 w - - ,1
KNKR,8/8/8/8/8/8/r2N4/k1K5 w - - ,1
KNKQ,,
KBBK,8/8/8/8/7B/8/3k4/K2B4 w - - ,37
KRBK,K7/8/8/8/8/3B4/3k4/2R5 w - - ,31
KQBK,7K/8/8/8/8/2k5/2B4Q/8 w - - ,15
KBKN,8/8/8/8/8/8/n1K5/k1B5 w - - ,1
KBKB,8/8/8/8/8/8/b7/k1K1B3 w - - ,1
KBKR,,
KBKQ,,
KRRK,8/8/7K/4R3/8/8/1k6/R7 w - - ,13
KQRK,K7/8/7Q/8/8/3k4/2R5/8 w - - ,11
KRKN,8/8/6R1/2K5/n7/8/8/3k4 w - - ,79
KRKB,8/8/8/8/8/8/8/k1b1KR2 w - - ,57
KRKR,8/8/8/8/8/5R2/1r6/K1k5 w - - ,37
KRKQ,8/8/8/8/8/1R6/6q1/K1k5 w - - ,37
KQQK,3Q4/3Q4/8/3K4/8/8/8/2k5 w - - ,7
KQKN,8/8/8/8/8/2k5/2n5/KQ6 w - - ,41
KQKB,8/6Q1/8/4b3/3k4/8/8/K7 w - - ,33
KQKR,8/8/8/8/2r5/8/2k5/K6Q w - - ,69
KQKQ,8/8/8/8/8/8/8/qk1K2Q1 w - - ,25
KKNN,,
KKBN,,
KKRN,,
KKQN,,
KKBB,,
KKRB,,
KKQB,,
KKRR,,
KKQR,,
KKQQ,,
KNPK,1N6/8/8/8/8/2k3P1/8/2K5 w - - ,53
KBPK,8/3P4/KBk5/8/8/8/8/8 w - - ,61
KRPK,8/7K/8/1R6/2kP4/8/8/8 w - - ,31
KQPK,8/8/8/2k5/8/3P4/8/5Q1K w - - ,19
KPKN,8/8/8/k7/8/n7/K5P1/8 w - - ,57
KPKB,8/8/8/k7/8/b7/K5P1/8 w - - ,57
KPKR,8/2k5/4KP2/2r5/8/8/8/8 w - - ,85
KPKQ,8/8/8/k7/8/q7/K5P1/8 w - - ,57
KNKP,8/8/8/8/p7/8/N7/k1K5 w - - ,13
KBKP,8/8/8/8/8/8/p7/k1K1B3 w - - ,1
KRKP,8/8/6K1/2R5/1p6/1k6/8/8 w - - ,51
KQKP,2QK4/8/8/8/8/8/3kp3/8 w - - ,55
KKNP,,
KKBP,,
KKRP,,
KKQP,,
KPPK,8/8/8/8/8/2k3P1/6P1/K7 w - - ,63
KPKP,3K4/8/4p3/8/8/8/2P5/2k5 w - - ,65
KKPP,,
KNNNK,8/8/8/8/8/8/2k4N/1N4KN w - - ,41
KBNNK,K7/8/8/8/8/8/2NkN3/3B4 w - - ,67
KRNNK,7K/8/8/8/8/1Nk5/1RN5/8 w - - ,29
KQNNK,6NN/7Q/7K/8/8/8/3k4/8 w - - ,15
KNNKN,7n/8/8/8/8/2K5/8/k2N1N2 w - - ,13
KNNKB,8/8/8/8/1N6/8/1b6/k1NK4 w - - ,7
KNNKR,8/8/8/8/3N4/r7/8/k1K1N3 w - - ,5
KNNKQ,8/8/8/8/8/8/qN6/k1K1N3 w - - ,1
KBBNK,8/8/8/8/8/7B/1kB5/N6K w - - ,65
KRBNK,7K/8/8/8/8/B7/RN6/1k6 w - - ,57
KQBNK,QN6/KB6/8/8/8/8/8/2k5 w - - ,13
KBNKN,8/8/8/8/8/8/B5n1/k2N1K2 w - - ,213
KBNKB,8/8/3N4/8/5B2/2K5/8/k5b1 w - - ,77
KBNKR,8/8/8/8/8/8/K6B/1rk2N2 w - - ,71
KBNKQ,8/8/8/5q2/4B3/8/4N3/3k3K w - - ,71
KRRNK,7K/8/8/8/8/8/1RNR4/2k5 w - - ,19
KQRNK,Q7/RN6/K7/8/8/8/8/1k6 w - - ,9
KRNKN,8/8/n7/8/K7/8/2kN4/3R4 w - - ,73
KRNKB,8/8/8/8/3b4/8/5R2/1kN1K3 w - - ,61
KRNKR,8/8/8/8/N2K4/R7/8/2k1r3 w - - ,73
KRNKQ,8/8/8/8/1R6/4q3/3N4/k6K w - - ,39
KQQNK,8/8/8/8/8/2N2KQQ/8/k7 w - - ,7
KQNKN,8/8/8/8/3N4/2k5/1n2Q3/3K4 w - - ,41
KQNKB,8/8/8/8/3b4/8/N1k5/K6Q w - - ,33
KQNKR,8/8/8/8/6rK/1Q6/7N/k7 w - - ,75
KQNKQ,1q6/8/7Q/8/8/4K3/8/3kN3 w - - ,81
KNKNN,8/8/8/8/8/8/n1K5/knN5 w - - ,1
KNKBN,8/8/8/8/8/8/b7/knK1N3 w - - ,1
KNKRN,8/8/8/8/8/8/r2N4/knK5 w - - ,1
KNKQN,8/8/8/8/8/8/qn6/k1K1N3 w - - ,1
KNKBB,8/8/8/8/8/8/b7/k1K1Nb2 w - - ,1
KNKRB,8/8/8/8/8/8/r2N4/kbK5 w - - ,1
KNKQB,8/8/8/8/8/8/b1q5/k1K1N3 w - - ,1
KNKRR,8/8/8/8/8/8/r2Nr3/k1K5 w - - ,1
KNKQR,8/8/8/8/8/8/r2Nq3/k1K5 w - - ,1
KNKQQ,,
KBBBK,8/8/8/3B4/3B4/3k4/3B4/3K4 w - - ,31
KRBBK,8/7K/8/8/8/2B5/2k5/1RB5 w - - ,23
KQBBK,2B1Q3/8/4K3/8/8/7B/8/1k6 w - - ,11
KBBKN,8/8/8/8/8/K1B5/3n4/2k2B2 w - - ,155
KBBKB,8/8/8/2B5/8/2KB4/8/k2b4 w - - ,43
KBBKR,4r3/8/8/8/8/8/8/k1K3BB w - - ,45
KBBKQ,K7/8/8/8/6B1/B7/3k4/4q3 w - - ,41
KRRBK,6K1/8/8/8/8/8/1RBR4/2k5 w - - ,19
KQRBK,Q7/R7/K1B5/8/8/8/8/2k5 w - - ,9
KRBKN,8/8/6R1/8/2n5/4K3/1B6/3k4 w - - ,79
KRBKB,8/8/R7/2b5/8/4K3/8/1k4B1 w - - ,59
KRBKR,8/4B3/8/6R1/r7/8/4K3/k7 w - - ,129
KRBKQ,1q6/8/8/8/8/8/8/k1KR2B1 w - - ,41
KQQBK,8/8/8/8/4K1QQ/8/4B3/k7 w - - ,7
KQBKN,8/8/8/8/8/2kB4/1n2Q3/3K4 w - - ,41
KQBKB,7K/8/8/4b3/3k3B/6Q1/8/8 w - - ,33
KQBKR,7K/7r/8/8/8/4Q3/8/1B1k4 w - - ,79
KQBKQ,6Q1/8/8/2K5/8/6B1/8/1k3q2 w - - ,65
KBKNN,8/8/8/8/8/8/n1K5/knB5 w - - ,1
KBKBN,8/8/8/8/8/8/b7/knK3B1 w - - ,3
KBKRN,8/8/8/8/8/8/n1K5/k1Br4 w - - ,1
KBKQN,8/8/8/8/8/8/n1K5/k1B1q3 w - - ,1
KBKBB,8/8/8/8/8/8/b7/k1K1b1B1 w - - ,3
KBKRB,8/8/8/8/8/8/b3r3/k1K1B3 w - - ,3
KBKQB,8/8/8/8/8/8/b3q3/k1K1B3 w - - ,3
KBKRR,,
KBKQR,,
KBKQQ,,
KRRRK,4RRR1/8/8/6K1/8/2k5/8/8 w - - ,9
KQRRK,2Q5/2R5/2R5/2K5/8/8/8/3k4 w - - ,7
KRRKN,8/8/6R1/8/2n5/4K3/1R6/3k4 w - - ,79
KRRKB,8/R7/6R1/8/3b4/8/5K2/2k5 w - - ,57
KRRKR,8/1R6/8/8/8/5rK1/4R3/k7 w - - ,61
KRRKQ,1R6/2R5/8/8/q7/7K/8/k7 w - - ,57
KQQRK,4Q3/4Q3/4R3/4K3/8/8/8/3k4 w - - ,7
KQRKN,8/8/6R1/8/2n5/4K3/1Q6/3k4 w - - ,79
KQRKB,8/Q7/6R1/2K5/8/8/5b2/2k5 w - - ,57
KQRKR,8/8/8/8/3RQ3/2k5/8/K4r2 w - - ,67
KQRKQ,K2q4/R7/8/8/8/8/2k5/Q7 w - - ,133
KRKNN,8/n7/7R/8/8/n1K5/8/1k6 w - - ,81
KRKBN,8/8/1n4R1/2b5/1K6/8/8/3k4 w - - ,81
KRKRN,8/8/1n4R1/2r5/1K6/8/8/3k4 w - - ,81
KRKQN,8/8/1n4R1/2q5/1K6/8/8/3k4 w - - ,81
KRKBB,8/8/8/b1R5/8/3K4/8/1k4b1 w - - ,61
KRKRB,8/8/8/8/Rr6/3K4/8/1k4b1 w - - ,59
KRKQB,8/8/8/8/Rq6/3K4/8/1k4b1 w - - ,59
KRKRR,8/8/8/8/8/1r6/K7/2k2rR1 w - - ,39
KRKQR,8/8/8/8/8/1r6/K7/2k2qR1 w - - ,39
KRKQQ,8/8/8/8/8/8/1R4q1/Kqk5 w - - ,37
KQQQK,4Q1Q1/8/8/8/7Q/8/8/k3K3 w - - ,5
KQQKN,6Q1/8/8/8/5Q2/3k4/4n3/2K5 w - - ,37
KQQKB,8/8/8/8/8/3k1b2/8/2QKQ3 w - - ,29
KQQKR,Kr6/8/8/8/8/3Q4/4Q3/2k5 w - - ,69
KQQKQ,1Q6/Q7/8/8/8/8/2k5/K4q2 w - - ,59
KQKNN,8/8/8/8/4n2Q/3k4/8/3K3n w - - ,143
KQKBN,8/8/8/8/3b4/1Q6/3kn3/K7 w - - ,105
KQKRN,8/2Q5/8/7n/8/3k4/8/1r2K3 w - - ,137
KQKQN,3q4/2n5/8/8/8/8/6Q1/k2K4 w - - ,47
KQKBB,8/1Q6/8/8/2bb4/8/3k4/K7 w - - ,161
KQKRB,8/3Q4/7b/7r/8/8/8/1k5K w - - ,139
KQKQB,8/8/1Q6/8/1K6/6b1/8/qk6 w - - ,47
KQKRR,7r/8/2Q5/8/K7/8/2r5/3k4 w - - ,97
KQKQR,1q6/8/4r3/8/8/8/8/k1K2Q2 w - - ,75
KQKQQ,8/8/8/8/8/8/3q4/qk1K2Q1 w - - ,25
KKNNN,,
KKBNN,,
KKRNN,,
KKQNN,,
KKBBN,,
KKRBN,,
KKQBN,,
KKRRN,,
KKQRN,,
KKQQN,,
KKBBB,,
KKRBB,,
KKQBB,,
KKRRB,,
KKQRB,,
KKQQB,,
KKRRR,,
KKQRR,,
KKQQR,,
KKQQQ,,
KNNPK,5N1N/8/8/8/8/P2k4/8/7K w - - ,55
KBNPK,K1k5/2P5/8/7B/8/8/8/N7 w - - ,65
KRNPK,1k6/RN6/P7/8/8/8/8/6K1 w - - ,33
KQNPK,2Q2K1N/8/8/8/8/2P5/2k5/8 w - - ,17
KNPKN,k7/3P4/2n5/K7/8/8/3N4/8 w - - ,193
KNPKB,8/8/3K4/8/7P/8/Nb6/k7 w - - ,85
KNPKR,1N6/8/8/PK6/3r4/3k4/8/8 w - - ,87
KNPKQ,8/4P3/8/N1K5/k7/8/7q/8 w - - ,81
KBBPK,3B4/1P6/k7/8/8/8/7K/6B1 w - - ,59
KRBPK,8/8/8/8/BR6/kP6/8/K7 w - - ,31
KQBPK,8/8/8/8/8/8/k1PK4/2QB4 w - - ,17
KBPKN,1n6/3P4/8/8/1K6/7B/8/k7 w - - ,199
KBPKB,8/8/6B1/8/2P5/8/2K5/k4b2 w - - ,101
KBPKR,8/r1k5/5P2/3K4/B7/8/8/8 w - - ,89
KBPKQ,K7/1P1q4/k7/7B/8/8/8/8 w - - ,69
KRRPK,8/7K/8/8/2k5/1RPR4/8/8 w - - ,27
KQRPK,1Q6/8/8/8/8/8/kP6/1R5K w - - ,13
KRPKN,8/2n5/8/8/8/k7/P7/R3K3 w - - ,107
KRPKB,8/8/R7/8/8/1k1P4/6b1/K7 w - - ,145
KRPKR,8/8/8/8/2k5/8/1R2K1P1/6r1 w - - ,147
KRPKQ,6R1/P6K/1k6/8/8/8/8/3q4 w - - ,135
KQQPK,8/8/8/8/2P3QQ/8/4K3/k7 w - - ,7
KQPKN,8/Q7/2n5/1k6/3K4/8/7P/8 w - - ,59
KQPKB,8/8/k7/8/1Q6/2K5/6P1/4b3 w - - ,55
KQPKR,8/8/6P1/8/3k4/8/7Q/r2K4 w - - ,73
KQPKQ,2Q5/8/7q/8/8/4P3/8/k3K3 w - - ,247
KPKNN,1n1n2K1/8/2P5/8/8/8/k7/8 w - - ,147
KPKBN,8/8/3P4/8/8/2k5/8/1K2n2b w - - ,109
KPKRN,1n6/1K1P4/8/8/8/8/4r3/1k6 w - - ,135
KPKQN,8/n7/8/1k1q4/3K3P/8/8/8 w - - ,57
KPKBB,K1b5/P7/8/8/8/b1k5/8/8 w - - ,165
KPKRB,8/3P4/7b/7r/8/8/8/1k4K1 w - - ,139
KPKQB,qk6/6P1/6b1/1K6/8/8/8/8 w - - ,47
KPKRR,4K3/3P4/3k2r1/8/8/8/8/r7 w - - ,99
KPKQR,8/2k2P2/4q3/2rK4/8/8/8/8 w - - ,85
KPKQQ,qk4q1/5P2/8/1K6/8/8/8/8 w - - ,25
KNNKP,1N6/8/p7/8/8/8/2k1N3/K7 w - - ,229
KBNKP,8/8/3K4/8/8/1p6/k7/5B1N w - - ,207
KRNKP,8/8/8/4R3/8/2k3N1/3p4/K7 w - - ,57
KQNKP,8/8/2K4N/8/8/5Q2/p1k5/8 w - - ,59
KNKNP,8/8/8/8/pn6/8/N7/k1K5 w - - ,13
KNKBP,8/8/8/b7/8/p7/3N4/k1K5 w - - ,15
KNKRP,8/8/8/8/3N4/p7/3r4/k1K5 w - - ,15
KNKQP,8/8/8/q7/8/p7/3N4/k1K5 w - - ,15
KBBKP,8/8/8/8/1B1k4/3B2p1/5K2/8 w - - ,147
KRBKP,8/8/8/8/8/1R1K4/kB1p4/8 w - - ,55
KQBKP,8/7Q/1k3K2/8/8/8/p7/5B2 w - - ,63
KBKNP,1B6/8/8/8/8/8/p7/k2K2n1 w - - ,17
KBKBP,8/8/8/8/8/8/p7/kbBK4 w - - ,5
KBKRP,8/8/8/8/8/8/p3r3/k1K1B3 w - - ,3
KBKQP,8/8/8/8/8/8/p3q3/k1K1B3 w - - ,3
KRRKP,8/8/1R6/8/8/8/1R1p4/2k1K3 w - - ,65
KQRKP,8/Q7/R7/8/8/8/1p6/K1k5 w - - ,79
KRKNP,k4K2/p7/8/8/8/8/4R3/7n w - - ,133
KRKBP,8/7p/8/8/k1K5/6R1/8/b7 w - - ,77
KRKRP,7R/8/8/k7/8/r7/Kp6/8 w - - ,65
KRKQP,7R/8/8/k7/8/q7/Kp6/8 w - - ,65
KQQKP,8/8/8/3Q4/7Q/2k5/1p6/K7 w - - ,43
KQKNP,8/7Q/8/K7/8/8/3p4/n1k5 w - - ,109
KQKBP,4K3/8/8/8/8/6Q1/kp1b4/8 w - - ,99
KQKRP,8/7Q/7K/2r5/2p5/8/1k6/8 w - - ,207
KQKQP,2Qq4/2K5/8/8/8/8/4p3/2k5 w - - ,57
KKNNP,,
KKBNP,,
KKRNP,,
KKQNP,,
KKBBP,,
KKRBP,,
KKQBP,,
KKRRP,,
KKQRP,,
KKQQP,,
KNPPK,N7/1k5K/8/8/8/1P6/1P6/8 w - - ,63
KBPPK,B7/1K6/8/8/8/3k3P/7P/8 w - - ,49
KRPPK,8/8/8/8/2kP4/8/1R1P4/K7 w - - ,29
KQPPK,2K5/8/8/8/8/2P4Q/2P5/k7 w - - ,17
KPPKN,3n4/5P2/8/8/3K2P1/8/k7/8 w - - ,99
KPPKB,8/1P6/k7/8/1P6/6K1/8/6b1 w - - ,85
KPPKR,3K4/8/8/4P3/8/2r5/5P2/2k5 w - - ,107
KPPKQ,8/2P5/7q/8/8/4P3/3K4/k7 w - - ,247
KNPKP,N7/8/K7/8/4p3/8/6P1/k7 w - - ,113
KBPKP,8/7p/8/8/8/1B6/K6P/2k5 w - - ,133
KRPKP,R7/P7/8/K7/8/8/pk6/8 w - - ,111
KQPKP,8/8/8/8/3P2Q1/8/1p6/K1k5 w - - ,209
KPKNP,8/4K3/8/1p6/7P/8/1n6/k7 w - - ,115
KPKBP,4K3/8/6P1/8/1p6/8/3b4/k7 w - - ,101
KPKRP,K7/7P/4r3/8/5p2/8/2k5/8 w - - ,205
KPKQP,k1q5/2K5/7p/8/8/8/6P1/8 w - - ,67
KNKPP,8/p1p5/8/8/8/8/8/kNK5 w - - ,33
KBKPP,8/8/8/1p6/8/8/p7/k2KB3 w - - ,7
KRKPP,5K2/8/1R2p3/2p5/k7/8/8/8 w - - ,79
KQKPP,8/8/5K2/2p5/8/8/3p2Q1/2k5 w - - ,81
KKNPP,,
KKBPP,,
KKRPP,,
KKQPP,,
KPPPK,K7/8/8/8/2k3P1/6P1/6P1/8 w - - ,65
KPPKP,8/8/8/8/1p2P3/4P3/1k6/3K4 w - - ,253
KPKPP,8/8/P7/4K3/2p5/3p4/8/k7 w - - ,85
KKPPP,,
KNNNNK,8/8/8/8/8/8/1N5N/kN4NK w - - ,35
KBNNNK,8/8/8/8/8/NBN5/1NK5/k7 w - - ,43
KRNNNK,8/7N/7K/8/8/8/Nk6/RN6 w - - ,31
KQNNNK,6NQ/6NN/5K2/8/8/8/1k6/8 w - - ,15
KNNNKN,N7/8/8/6n1/8/6K1/2k4N/1N6 w - - ,179
KNNNKB,6bN/8/8/8/8/1N6/2k5/K6N w - - ,191
KNNNKR,8/8/8/6r1/8/8/5N2/KNk3N1 w - - ,49
KNNNKQ,8/8/8/8/2NN3q/8/8/K1k3N1 w - - ,47
KBBNNK,8/8/8/8/8/NB6/1NK5/kB6 w - - ,49
KRBNNK,8/8/8/8/8/N7/NRK5/kB6 w - - ,41
KQBNNK,5N1Q/6BN/5K2/8/8/8/8/1k6 w - - ,13
KBNNKN,8/5B2/4K3/8/8/5n2/4N3/N2k4 w - - ,217
KBNNKB,5N2/8/3b4/8/8/8/8/K1Bk3N w - - ,105
KBNNKR,3B4/8/2r5/8/2N1N3/8/4K3/k7 w - - ,111
KBNNKQ,8/8/8/7q/1B1N4/1K6/8/1k1N4 w - - ,77
KRRNNK,7K/8/8/8/8/8/NRR5/kN6 w - - ,19
KQRNNK,5NRQ/6K1/7N/8/8/8/2k5/8 w - - ,11
KRNNKN,8/8/4n3/1K6/8/8/1Nk5/1RN5 w - - ,67
KRNNKB,8/8/8/8/5K2/R7/1N5b/1k4N1 w - - ,59
KRNNKR,8/8/8/1N6/8/6r1/NR6/k6K w - - ,83
KRNNKQ,6R1/8/8/8/7q/1K6/8/2k1N1N1 w - - ,65
KQQNNK,8/8/8/8/8/8/4NN2/k3KQQ1 w - - ,7
KQNNKN,N7/8/1Q6/8/8/8/3nN3/1K1k4 w - - ,25
KQNNKB,7K/8/8/8/8/1NbN4/2k5/Q7 w - - ,33
KQNNKR,8/8/4N3/8/5rK1/1Q6/7N/k7 w - - ,77
KQNNKQ,2q5/8/7N/K7/8/7N/Q7/2k5 w - - ,147
KNNKNN,7n/8/8/8/2N5/8/4N3/knK5 w - - ,17
KNNKBN,7n/8/8/4b3/2N5/K7/N7/1k6 w - - ,19
KNNKRN,8/8/8/4r3/3N4/8/8/kNK4n w - - ,13
KNNKQN,7n/8/8/8/2N5/1q6/8/k1NK4 w - - ,13
KNNKBB,8/8/8/8/1N6/8/1b6/k1NK2b1 w - - ,7
KNNKRB,8/8/8/8/1N6/1r6/1b6/1k1K1N2 w - - ,9
KNNKQB,8/8/8/8/1N6/1q6/1b6/k1NK4 w - - ,7
KNNKRR,8/8/8/8/3N4/r7/2r5/k1K1N3 w - - ,5
KNNKQR,8/8/8/8/3N4/r7/2q5/k1K1N3 w - - ,5
KNNKQQ,8/8/8/8/8/8/qNq5/k1K1N3 w - - ,1
KBBBNK,8/8/8/8/8/1BK5/1N6/BBk5 w - - ,43
KRBBNK,7K/8/8/8/8/B7/RN6/Bk6 w - - ,37
KQBBNK,8/8/8/8/1B6/Q1K5/1B6/Nk6 w - - ,13
KBBNKN,8/8/8/8/8/8/BN4B1/k3nK2 w - - ,215
KBBNKB,2B5/7K/8/7b/8/2k5/3N4/3B4 w - - ,105
KBBNKR,N7/1r4B1/8/8/8/7B/8/K1k5 w - - ,169
KBBNKQ,3q4/8/2B5/2B5/8/8/4N3/k1K5 w - - ,77
KRRBNK,7K/8/8/8/2R5/2Nk4/2R5/2B5 w - - ,19
KQRBNK,8/8/8/8/8/8/B5NR/k5KQ w - - ,9
KRBNKN,8/8/8/8/5R2/1B5n/8/k2N2K1 w - - ,213
KRBNKB,8/8/8/R7/Nb6/8/3K4/k5B1 w - - ,77
KRBNKR,8/3K4/8/6r1/8/8/4R3/N2k2B1 w - - ,135
KRBNKQ,R3B3/8/8/1N6/8/3K4/8/1k4q1 w - - ,241
KQQBNK,8/8/8/8/8/2N3QQ/8/kBK5 w - - ,7
KQBNKN,8/8/8/8/5Q2/1B5n/8/k2N2K1 w - - ,213
KQBNKB,8/Q7/3B4/8/3K4/8/4Nb2/1k6 w - - ,77
KQBNKR,8/8/8/3B4/8/2N5/Q7/2k2rK1 w - - ,87
KQBNKQ,8/8/2K5/8/8/1Q1B4/8/2kN3q w - - ,167
KBNKNN,3n4/8/8/3B4/8/8/8/k1KNn3 w - - ,213
KBNKBN,8/8/8/8/8/1B6/6n1/k2NKb2 w - - ,213
KBNKRN,8/8/8/8/8/1B6/6n1/k2NKr2 w - - ,213
KBNKQN,8/8/8/8/8/1B6/6n1/k2NKq2 w - - ,213
KBNKBB,6B1/7b/8/8/6N1/3k4/8/1Kb5 w - - ,79
KBNKRB,6B1/7r/8/8/6N1/3k4/8/1Kb5 w - - ,79
KBNKQB,6B1/7q/8/8/6N1/3k4/8/1Kb5 w - - ,79
KBNKRR,8/8/8/8/3N4/1r6/7B/K1kr4 w - - ,71
KBNKQR,8/8/8/8/3N4/1q6/7B/K1kr4 w - - ,71
KBNKQQ,8/8/8/8/3N4/1q6/7B/K1kq4 w - - ,71
KRRRNK,8/8/5RR1/5KR1/8/2N5/8/k7 w - - ,9
KQRRNK,8/QR6/RK6/N7/8/8/8/3k4 w - - ,9
KRRNKN,8/8/4R3/2n5/8/1K6/3kN3/4R3 w - - ,65
KRRNKB,8/8/8/2R5/1R3K2/8/3b4/3kN3 w - - ,55
KRRNKR,8/8/8/8/7K/1RN4r/5R2/k7 w - - ,89
KRRNKQ,2q5/K6R/8/8/8/5R2/8/3k3N w - - ,215
KQQRNK,8/6Q1/5Q2/4KR2/8/2N5/8/k7 w - - ,7
KQRNKN,8/8/4Q3/2n5/8/1K6/3kN3/4R3 w - - ,65
KQRNKB,8/4b3/8/2K5/8/Q7/2Nk4/2R5 w - - ,53
KQRNKR,8/8/8/8/1R6/1Q6/2Kr1N2/k7 w - - ,87
KQRNKQ,8/RN6/8/8/8/5q2/2k5/Q6K w - - ,153
KRNKNN,6N1/5KR1/2n5/8/8/8/2n5/1k6 w - - ,523
KRNKBN,5RbN/8/7n/8/8/8/8/2k2K2 w - - ,417
KRNKRN,7n/8/5R2/8/3r4/8/8/k2K3N w - - ,103
KRNKQN,8/8/8/7n/q7/N7/R7/3k1K2 w - - ,83
KRNKBB,5b2/8/3R4/8/5b2/6N1/8/1k4K1 w - - ,303
KRNKRB,8/8/8/8/r7/8/3K4/kNRb4 w - - ,73
KRNKQB,8/8/1R6/KN6/3b4/q7/8/1k6 w - - ,63
KRNKRR,8/8/8/8/N2K4/8/R7/r1k1r3 w - - ,73
KRNKQR,8/8/8/8/N2K4/8/R7/q1k1r3 w - - ,73
KRNKQQ,8/8/8/8/qR6/4q3/3N4/k6K w - - ,39
KQQQNK,7Q/6Q1/5Q2/4K3/8/2N5/8/k7 w - - ,7
KQQNKN,N6K/5n2/2Q5/4Q3/8/8/3k4/8 w - - ,25
KQQNKB,3Q4/8/8/8/8/2b5/Q1N5/K1k5 w - - ,27
KQQNKR,N7/8/8/8/8/1Q6/2Q5/k4rK1 w - - ,91
KQQNKQ,1Q6/8/8/7Q/8/K4N2/8/q2k4 w - - ,89
KQNKNN,8/5n1Q/3n4/8/2N5/2k2K2/8/8 w - - ,135
KQNKBN,8/8/8/2N5/3b4/1Q6/3kn3/K7 w - - ,105
KQNKRN,1n2Q3/8/K7/8/8/8/2rN4/2k5 w - - ,137
KQNKQN,1q6/7n/7Q/8/8/4K3/8/3kN3 w - - ,85
KQNKBB,7Q/7K/7N/8/4b3/3kb3/8/8 w - - ,163
KQNKRB,8/N7/6Q1/8/3b4/8/1K1k4/5r2 w - - ,141
KQNKQB,q7/7Q/8/8/1K2N3/8/8/1k4b1 w - - ,87
KQNKRR,8/r6N/8/8/r3K3/8/7Q/2k5 w - - ,347
KQNKQR,7q/r7/6K1/8/6Q1/8/4N3/3k4 w - - ,105
KQNKQQ,6q1/8/8/Q7/8/2qK4/8/1N1k4 w - - ,83
KNKNNN,8/8/8/8/8/8/nn6/knN1K3 w - - ,1
KNKBNN,8/8/8/8/8/8/b7/knKnN3 w - - ,1
KNKRNN,8/8/8/8/8/8/r2N4/knKn4 w - - ,1
KNKQNN,8/8/8/8/8/8/qn6/knK1N3 w - - ,1
KNKBBN,8/8/8/8/8/8/b7/knK1Nb2 w - - ,1
KNKRBN,8/8/8/8/8/8/r2N4/kbKn4 w - - ,1
KNKQBN,8/8/8/8/8/8/b1q5/knK1N3 w - - ,1
KNKRRN,8/8/8/8/8/8/r2Nr3/knK5 w - - ,1
KNKQRN,8/8/8/8/8/8/r2Nq3/knK5 w - - ,1
KNKQQN,8/8/8/8/8/8/qnq5/k1K1N3 w - - ,1
KNKBBB,8/8/8/8/8/8/b7/k1K1Nbb1 w - - ,1
KNKRBB,8/8/8/8/8/8/r2N4/kbK1b3 w - - ,1
KNKQBB,8/8/8/8/8/8/b7/k1K1Nbq1 w - - ,1
KNKRRB,8/8/8/8/8/8/r2Nr3/kbK5 w - - ,1
KNKQRB,8/8/8/8/8/8/r2Nq3/kbK5 w - - ,1
KNKQQB,8/8/8/8/8/5q2/b1q5/k1K1N3 w - - ,1
KNKRRR,8/8/8/8/8/8/r2Nrr2/k1K5 w - - ,1
KNKQRR,8/8/8/8/8/8/r2Nqr2/k1K5 w - - ,1
KNKQQR,8/8/8/8/8/8/r2Nqq2/k1K5 w - - ,1
KNKQQQ,,
KBBBBK,7K/8/8/8/7B/6B1/7B/2kB4 w - - ,25
KRBBBK,7K/8/8/8/8/8/BR6/kBB5 w - - ,21
KQBBBK,2B1Q3/3B4/4K3/8/8/8/4B3/1k6 w - - ,11
KBBBKN,8/8/8/1B6/K7/2n5/1Bk5/7B w - - ,155
KBBBKB,8/8/8/BK6/8/8/8/1b1kB2B w - - ,51
KBBBKR,K7/8/8/8/8/8/B3r2B/1Bk5 w - - ,149
KBBBKQ,8/8/8/B7/1B2B3/8/qk6/4K3 w - - ,47
KRRBBK,1R6/7K/8/8/8/8/BR6/kB6 w - - ,19
KQRBBK,8/8/8/8/8/8/4B1KR/k4B1Q w - - ,9
KRBBKN,8/8/8/8/8/1nk5/3RB3/K1B5 w - - ,155
KRBBKB,8/b7/8/8/3K4/8/BBk5/R7 w - - ,57
KRBBKR,r7/3K4/8/8/B6B/8/R7/1k6 w - - ,139
KRBBKQ,8/B7/8/RB6/5K2/8/1q6/3k4 w - - ,105
KQQBBK,8/8/8/8/8/8/5BB1/k3K1QQ w - - ,7
KQBBKN,8/1B6/3Q4/1n6/3K4/8/2kB4/8 w - - ,151
KQBBKB,8/5b2/8/8/1BK5/7B/Q7/2k5 w - - ,45
KQBBKR,7K/6Br/8/8/8/4Q3/8/1B1k4 w - - ,79
KQBBKQ,8/7K/8/5q2/2B5/8/1k2B3/7Q w - - ,191
KBBKNN,4n3/8/8/B7/8/3K4/8/n1kB4 w - - ,211
KBBKBN,7b/6n1/8/5B2/8/7K/8/2k3B1 w - - ,179
KBBKRN,8/8/8/5r2/1n6/B2k4/B7/2K5 w - - ,159
KBBKQN,8/8/8/5q2/1n6/B2k4/B7/2K5 w - - ,159
KBBKBB,8/3B4/8/8/8/8/8/k1Kbb1B1 w - - ,45
KBBKRB,8/3B4/8/8/3r4/8/8/k1K1b1B1 w - - ,45
KBBKQB,8/3B4/8/8/3q4/8/8/k1K1b1B1 w - - ,45
KBBKRR,4r3/8/8/8/3r4/8/8/k1K3BB w - - ,45
KBBKQR,4r3/8/8/8/3q4/8/8/k1K3BB w - - ,45
KBBKQQ,8/3q4/8/8/BB6/8/3q4/K1k5 w - - ,41
KRRRBK,8/5K2/4R3/8/2R5/3kB3/4R3/8 w - - ,11
KQRRBK,6RQ/6KR/7B/8/8/8/2k5/8 w - - ,9
KRRBKN,8/8/1R6/5K2/2R5/4n3/1B6/1k6 w - - ,67
KRRBKB,K7/8/8/5R2/4R3/3kB3/8/7b w - - ,55
KRRBKR,8/6B1/8/2R5/R7/8/8/1k3rK1 w - - ,137
KRRBKQ,1B6/8/8/8/8/8/4qKRR/3k4 w - - ,179
KQQRBK,8/8/8/8/4KRQQ/8/4B3/k7 w - - ,7
KQRBKN,8/8/1R6/5K2/2Q5/4n3/1B6/1k6 w - - ,67
KQRBKB,8/4Q3/8/2K5/8/b7/2Bk4/2R5 w - - ,53
KQRBKR,8/6B1/8/2R5/Q7/8/7K/1k5r w - - ,135
KQRBKQ,8/R7/8/6B1/8/7q/2k5/Q6K w - - ,133
KRBKNN,8/K7/2nn4/8/8/1B1k4/1R6/8 w - - ,475
KRBKBN,B7/8/8/4b3/8/1R6/3kn3/K7 w - - ,223
KRBKRN,6n1/8/8/2B1R3/r1K5/8/8/2k5 w - - ,135
KRBKQN,8/6q1/8/1n6/1K6/8/8/1kBR4 w - - ,83
KRBKBB,8/8/8/5K2/1R6/8/5b2/kB3b2 w - - ,183
KRBKRB,2R5/8/8/B7/7b/3r4/8/k1K5 w - - ,129
KRBKQB,8/8/5B2/6q1/3K4/8/5R2/k5b1 w - - ,63
KRBKRR,5r2/8/7B/5R2/r7/4K3/8/2k5 w - - ,133
KRBKQR,8/4R3/8/8/5B2/3q4/2K4r/k7 w - - ,129
KRBKQQ,1q6/8/8/8/3B4/2R1q3/8/k1K5 w - - ,41
KQQQBK,2QQ4/2Q5/3B4/2K5/8/8/8/3k4 w - - ,7
KQQBKN,3Q4/8/2Q5/8/1n1B4/3k4/K7/8 w - - ,31
KQQBKB,3Q4/8/8/8/8/2b5/Q1B5/K1k5 w - - ,27
KQQBKR,8/8/8/8/8/1Q6/2Q5/k2B1rK1 w - - ,83
KQQBKQ,6Q1/8/5B2/8/8/8/3k4/QK1q4 w - - ,79
KQBKNN,3B3K/5n2/8/8/3n4/8/3k4/1Q6 w - - ,137
KQBKBN,8/8/8/8/3b4/1Q6/3kn3/K2B4 w - - ,105
KQBKRN,1n2Q3/8/2K5/8/8/8/2rB4/3k4 w - - ,137
KQBKQN,Q7/8/7q/8/2B5/3K4/n7/2k5 w - - ,83
KQBKBB,8/1Q6/8/8/2bb4/3B4/3k4/K7 w - - ,161
KQBKRB,8/b7/6Q1/8/8/5B2/3k4/K1r5 w - - ,143
KQBKQB,7q/1B5b/8/8/7Q/3k4/8/3K4 w - - ,115
KQBKRR,4r3/1Q6/2B5/8/8/2k5/4rK2/8 w - - ,213
KQBKQR,q7/r2B4/8/8/8/8/6Q1/k3K3 w - - ,97
KQBKQQ,8/8/7q/8/8/qQ1K4/B7/2k5 w - - ,67
KBKNNN,8/8/8/8/8/8/n1K5/knB2n2 w - - ,1
KBKBNN,8/8/8/8/8/8/b1n4B/knK5 w - - ,5
KBKRNN,8/8/8/8/8/8/n1K5/knBr4 w - - ,1
KBKQNN,8/8/8/8/8/8/n1K5/knB1q3 w - - ,1
KBKBBN,8/8/8/8/8/8/b6B/knK3b1 w - - ,5
KBKRBN,8/8/8/8/8/8/b3r3/knK3B1 w - - ,5
KBKQBN,8/8/8/8/8/8/b3q3/knK3B1 w - - ,5
KBKRRN,8/8/8/8/8/8/n1K5/k1Brr3 w - - ,1
KBKQRN,8/8/8/8/8/8/n1K5/k1Brq3 w - - ,1
KBKQQN,8/8/8/8/8/8/n1K5/k1B1qq2 w - - ,1
KBKBBB,8/8/8/8/8/8/b6B/k1K1b1b1 w - - ,5
KBKRBB,8/8/8/8/8/8/b3r3/k1K1b1B1 w - - ,5
KBKQBB,8/8/8/8/8/8/b3q3/k1K1b1B1 w - - ,5
KBKRRB,8/8/8/8/8/r7/b3r3/k1K3B1 w - - ,5
KBKQRB,8/8/8/8/8/5q2/b3r3/k1K3B1 w - - ,5
KBKQQB,8/8/8/8/8/5q2/b3q3/k1K3B1 w - - ,5
KBKRRR,,
KBKQRR,,
KBKQQR,,
KBKQQQ,,
KRRRRK,R7/R7/R7/R7/K7/8/8/2k5 w - - ,7
KQRRRK,8/8/4R1RQ/6KR/8/8/1k6/8 w - - ,7
KRRRKN,8/R7/8/3R4/1R6/8/2n5/K1k5 w - - ,63
KRRRKB,7K/8/5b2/4R3/3R4/2R5/1k6/8 w - - ,35
KRRRKR,6rK/8/8/8/2R5/3k4/2R5/4R3 w - - ,65
KRRRKQ,1R4R1/8/8/R7/4q3/8/2k5/4K3 w - - ,137
KQQRRK,7Q/6RQ/6KR/8/8/8/3k4/8 w - - ,7
KQRRKN,8/R7/8/3Q4/1R6/8/2n5/K1k5 w - - ,63
KQRRKB,8/8/8/8/6b1/3k4/8/2RKQR2 w - - ,35
KQRRKR,8/7K/7r/8/1RQ5/8/6R1/k7 w - - ,81
KQRRKQ,8/R7/3R4/8/K7/1q6/2k5/Q7 w - - ,133
KRRKNN,8/7R/2n2n2/7R/4K3/8/8/2k5 w - - ,85
KRRKBN,4n1b1/8/8/8/2R5/8/4R3/1K1k4 w - - ,87
KRRKRN,8/4n3/8/1R6/1R6/K7/2k5/7r w - - ,177
KRRKQN,5q2/1n6/6K1/8/6RR/8/8/k7 w - - ,85
KRRKBB,8/8/6b1/4b3/3R4/8/2k5/R6K w - - ,89
KRRKRB,8/8/8/4R3/7b/K5R1/8/1k1r4 w - - ,133
KRRKQB,8/R7/8/8/8/8/2k1KR2/1qb5 w - - ,67
KRRKRR,8/8/8/8/1r6/6K1/RR6/1rk5 w - - ,79
KRRKQR,8/5R2/5r2/8/8/6K1/3Rq3/1k6 w - - ,65
KRRKQQ,1R6/1R6/8/8/q7/7q/6K1/k7 w - - ,57
KQQQRK,4Q1Q1/8/8/8/4R2Q/8/8/k3K3 w - - ,5
KQQRKN,8/R7/8/3Q4/1Q6/8/2n5/K1k5 w - - ,63
KQQRKB,8/8/8/8/5R2/2k1b3/8/1QKQ4 w - - ,27
KQQRKR,8/1R6/8/8/Kr6/3Q4/4Q3/2k5 w - - ,73
KQQRKQ,K3q3/R7/8/3Q4/8/8/2k5/Q7 w - - ,135
KQRKNN,3R3K/5n2/8/8/3n4/8/3k4/1Q6 w - - ,137
KQRKBN,8/8/8/1R6/3b4/1Q6/3kn3/K7 w - - ,105
KQRKRN,8/8/8/7Q/2R5/3k4/7n/1r3K2 w - - ,133
KQRKQN,8/3R4/1q6/1n3Q2/7K/8/8/2k5 w - - ,165
KQRKBB,8/8/6R1/7b/8/2k5/Q4b2/3K4 w - - ,161
KQRKRB,8/R7/6Q1/8/3b4/8/1K1k4/5r2 w - - ,141
KQRKQB,8/7Q/8/8/4q3/8/2k4K/R6b w - - ,177
KQRKRR,7R/Q7/8/8/8/8/8/1k1rKr2 w - - ,113
KQRKQR,3q4/R7/8/Q2r4/8/3k4/8/5K2 w - - ,233
KQRKQQ,q7/7K/3q4/7R/8/8/5Q2/1k6 w - - ,159
KRKNNN,8/1R2n3/8/8/8/8/n7/k1K3n1 w - - ,81
KRKBNN,7n/6R1/8/8/8/3b4/2K5/k5n1 w - - ,81
KRKRNN,8/rR6/8/8/8/8/2nK2n1/k7 w - - ,81
KRKQNN,7n/6R1/8/8/8/3q4/2K5/k5n1 w - - ,81
KRKBBN,8/8/n7/8/8/1K6/Rb4b1/1k6 w - - ,79
KRKRBN,8/8/n7/8/8/1K6/Rr4b1/1k6 w - - ,79
KRKQBN,8/8/n7/8/8/1K6/Rq4b1/1k6 w - - ,79
KRKRRN,8/n7/7R/8/1r6/1Kr5/8/2k5 w - - ,79
KRKQRN,8/n7/7R/8/1r6/1Kq5/8/2k5 w - - ,79
KRKQQN,8/8/8/7n/8/4K3/8/q2k1qR1 w - - ,77
KRKBBB,8/8/8/bbR5/8/3K4/8/1k4b1 w - - ,61
KRKRBB,8/8/8/brR5/8/3K4/8/1k4b1 w - - ,61
KRKQBB,8/8/8/bqR5/8/3K4/8/1k4b1 w - - ,61
KRKRRB,8/8/8/1R6/8/8/2r5/k1Kr2b1 w - - ,53
KRKQRB,8/8/8/1R6/8/8/2q5/k1Kr2b1 w - - ,53
KRKQQB,q7/8/8/8/8/b2K4/R7/q2k4 w - - ,51
KRKRRR,8/8/1R6/1r6/1r6/1r6/8/k1K5 w - - ,7
KRKQRR,8/8/1R6/4q3/1r6/1r6/8/k1K5 w - - ,7
KRKQQR,8/8/1R6/4q3/3q4/1r6/8/k1K5 w - - ,7
KRKQQQ,1R6/8/8/4q3/3q4/3q4/8/k1K5 w - - ,7
KQQQQK,4Q1Q1/8/8/8/6QQ/8/4K3/k7 w - - ,5
KQQQKN,Q7/8/Q7/8/1Q6/8/2n5/K1k5 w - - ,15
KQQQKB,3Q4/3Q4/8/7Q/4b3/8/8/k6K w - - ,9
KQQQKR,8/1Q6/8/8/Kr6/3Q4/4Q3/2k5 w - - ,73
KQQQKQ,1Q6/Q7/8/8/3q4/8/2k5/K4Q2 w - - ,61
KQQKNN,3Q3K/5n2/8/8/3n4/8/3k4/1Q6 w - - ,137
KQQKBN,8/8/8/1Q5Q/8/2n5/K1k1b3/8 w - - ,95
KQQKRN,8/8/8/8/6n1/3k4/1r4KQ/4Q3 w - - ,131
KQQKQN,1Q5n/Q7/8/8/8/K7/3k4/q7 w - - ,119
KQQKBB,8/8/4Q3/8/3k4/3b2b1/8/3QK3 w - - ,161
KQQKRB,2Q5/8/8/7Q/8/4b2r/3k4/6K1 w - - ,139
KQQKQB,7Q/4Q3/8/8/8/8/2k5/3qKb2 w - - ,141
KQQKRR,r2K4/8/7r/8/8/3Q4/7Q/2k5 w - - ,95
KQQKQR,5rq1/8/8/6QQ/5K2/8/8/k7 w - - ,137
KQQKQQ,7K/3q4/8/3q4/8/7Q/7Q/1k6 w - - ,99
KQKNNN,n7/2n5/Q7/8/K7/8/8/1n1k4 w - - ,161
KQKBNN,8/8/8/5K2/7n/8/5b1Q/k3n3 w - - ,177
KQKRNN,7n/1n6/3Q4/8/2K5/8/5r2/2k5 w - - ,163
KQKQNN,7q/8/8/8/8/2k5/3n4/1Q1K3n w - - ,147
KQKBBN,8/8/6b1/7n/8/4K2Q/1k6/6b1 w - - ,227
KQKRBN,7r/Q7/1K6/8/7b/8/7n/1k6 w - - ,157
KQKQBN,8/8/8/8/8/3k2q1/3n4/Qb5K w - - ,109
KQKRRN,1r6/8/8/8/5r2/Q6K/7n/1k6 w - - ,141
KQKQRN,8/2Q5/8/7n/8/3k4/1r6/3Kq3 w - - ,139
KQKQQN,q7/8/q1n5/8/2Q5/2K5/8/2k5 w - - ,49
KQKBBB,8/8/8/5b2/7b/6b1/8/k4KQ1 w - - ,193
KQKRBB,1Q6/5b2/8/8/7K/8/8/b1k3r1 w - - ,177
KQKQBB,8/8/5q2/8/8/4b3/3kb3/1K4Q1 w - - ,167
KQKRRB,8/3r4/7b/5r2/8/8/2Q5/k6K w - - ,143
KQKQRB,8/3Q4/7b/1r6/8/8/8/1k4Kq w - - ,141
KQKQQB,8/8/8/8/1K6/6b1/8/qk4qQ w - - ,47
KQKRRR,8/5r2/8/7K/8/8/6rQ/r2k4 w - - ,101
KQKQRR,8/2r5/8/K7/8/8/1q1k4/Q6r w - - ,99
KQKQQR,1q6/8/4rq2/8/8/8/8/k1K4Q w - - ,77
KQKQQQ,8/8/q7/8/4q3/1K6/6Qq/1k6 w - - ,25
KKNNNN,,
KKBNNN,,
KKRNNN,,
KKQNNN,,
KKBBNN,,
KKRBNN,,
KKQBNN,,
KKRRNN,,
KKQRNN,,
KKQQNN,,
KKBBBN,,
KKRBBN,,
KKQBBN,,
KKRRBN,,
KKQRBN,,
KKQQBN,,
KKRRRN,,
KKQRRN,,
KKQQRN,,
KKQQQN,,
KKBBBB,,
KKRBBB,,
KKQBBB,,
KKRRBB,,
KKQRBB,,
KKQQBB,,
KKRRRB,,
KKQRRB,,
KKQQRB,,
KKQQQB,,
KKRRRR,,
KKQRRR,,
KKQQRR,,
KKQQQR,,
KKQQQQ,,
KNNNPK,8/2NN4/8/k7/N7/P7/8/7K w - - ,49
KBNNPK,k1K5/1N5N/1P6/8/8/8/8/1B6 w - - ,57
KRNNPK,8/8/8/Nk6/RN6/P7/8/7K w - - ,35
KQNNPK,4N2Q/6KN/8/8/8/2P5/8/k7 w - - ,15
KNNPKN,N2n4/1P6/k7/4N3/3K4/8/8/8 w - - ,183
KNNPKB,8/7N/4b3/8/8/1Nk5/4P3/6K1 w - - ,159
KNNPKR,8/8/4PN2/K7/8/7N/1r6/1k6 w - - ,131
KNNPKQ,4K3/1P6/1k5q/8/8/8/8/2N2N2 w - - ,149
KBBNPK,K2k4/3B4/3P1N2/8/8/7B/8/8 w - - ,63
KRBNPK,8/8/8/8/B7/RN6/Pk6/7K w - - ,33
KQBNPK,2N5/8/8/8/8/8/k1PK4/2QB4 w - - ,19
KBNPKN,2n5/8/8/4NK2/8/k7/P6B/8 w - - ,221
KBNPKB,8/8/8/8/7b/8/1K1k1P2/N5B1 w - - ,139
KBNPKR,8/rk6/8/7N/K6B/8/6P1/8 w - - ,281
KBNPKQ,3N4/3P4/2K5/8/1k1q4/8/7B/8 w - - ,225
KRRNPK,3K4/N7/8/8/3R4/2kP4/3R4/8 w - - ,23
KQRNPK,1Q5N/8/8/8/8/8/kP5K/1R6 w - - ,13
KRNPKN,1k6/R7/2nP4/K5N1/8/8/8/8 w - - ,175
KRNPKB,8/8/8/8/4b3/1k2PN2/8/1KR5 w - - ,141
KRNPKR,8/7N/8/8/8/2k5/4r2P/K2R4 w - - ,169
KRNPKQ,7q/8/1NK5/4P3/1R6/8/8/k7 w - - ,245
KQQNPK,7Q/6NQ/7K/5P2/8/8/8/2k5 w - - ,9
KQNPKN,8/7K/5n2/3Q4/8/8/7P/Nk6 w - - ,121
KQNPKB,8/8/8/8/1N6/4b3/7P/k1K3Q1 w - - ,83
KQNPKR,7K/7r/4P3/8/8/NQ6/8/k7 w - - ,89
KQNPKQ,K3q3/3N4/8/8/8/k3P3/4Q3/8 w - - ,265
KNPKNN,k7/8/n2P4/1K3n2/8/6N1/8/8 w - - ,197
KNPKBN,k7/8/K2P4/8/8/5N2/n2b4/8 w - - ,197
KNPKRN,k7/3P4/n7/8/1K6/1N6/2r5/8 w - - ,197
KNPKQN,k7/3P4/q7/K7/3n4/8/3N4/8 w - - ,195
KNPKBB,8/8/5b2/PNK5/8/1b6/8/3k4 w - - ,171
KNPKRB,5b2/8/2P5/8/8/8/1N1k3r/6K1 w - - ,147
KNPKQB,8/4P2q/8/8/k1K5/8/8/2b1N3 w - - ,89
KNPKRR,6N1/1P6/3K4/8/8/k7/8/r5r1 w - - ,349
KNPKQR,k7/5P2/8/3N4/8/6K1/r7/7q w - - ,101
KNPKQQ,4q3/3P4/8/N1K5/k7/8/7q/8 w - - ,81
KBBBPK,7B/B5K1/8/B7/8/8/P7/k7 w - - ,47
KRBBPK,8/8/8/B7/RB6/Pk3K2/8/8 w - - ,41
KQBBPK,8/2K5/8/8/8/8/k1PB4/2QB4 w - - ,19
KBBPKN,8/1n6/3P3B/8/5K2/8/k7/4B3 w - - ,209
KBBPKB,b7/8/6B1/3K4/8/8/2P5/Bk6 w - - ,107
KBBPKR,2B5/4Br2/K1k5/8/8/8/6P1/8 w - - ,359
KBBPKQ,6K1/P7/1q6/1B6/2B5/8/8/1k6 w - - ,195
KRRBPK,7K/8/8/8/8/BRPR4/2k5/8 w - - ,21
KQRBPK,1Q6/8/8/8/8/1P6/BR6/k5K1 w - - ,11
KRBPKN,8/8/8/2K5/k7/3n1P1B/8/4R3 w - - ,181
KRBPKB,b7/8/8/8/8/2k5/4P1K1/6BR w - - ,141
KRBPKR,8/8/1B6/1k6/R7/2r5/6P1/K7 w - - ,151
KRBPKQ,8/7q/1R1P4/8/8/7B/3K4/k7 w - - ,253
KQQBPK,1Q6/Q1B5/KP6/8/8/8/8/3k4 w - - ,9
KQBPKN,8/8/8/2K5/k7/3n1P1B/8/4Q3 w - - ,181
KQBPKB,8/8/8/8/2P5/1K3Q2/8/kB1b4 w - - ,101
KQBPKR,8/8/2k2P2/8/8/Q4K1r/B7/8 w - - ,85
KQBPKQ,5q2/2B5/8/4Q3/8/P2k1K2/8/8 w - - ,315
KBPKNN,K1kn4/B3P3/8/8/2n5/8/8/8 w - - ,441
KBPKBN,1n1b4/k1P5/3B4/K7/8/8/8/8 w - - ,199
KBPKRN,3r4/2P5/7B/6n1/3K4/8/k7/8 w - - ,203
KBPKQN,3q4/2P5/7B/6n1/3K4/8/k7/8 w - - ,203
KBPKBB,1b6/8/7P/k7/8/3K3b/7B/8 w - - ,169
KBPKRB,8/2P5/8/r5bB/8/8/3k4/6K1 w - - ,141
KBPKQB,6bq/3P4/1k6/8/K7/8/8/5B2 w - - ,115
KBPKRR,8/r2P4/8/8/8/6r1/7B/1k3K2 w - - ,211
KBPKQR,2q5/kP6/2K5/3r4/8/8/B7/8 w - - ,97
KBPKQQ,Kq6/P2q4/k7/7B/8/8/8/8 w - - ,69
KRRRPK,7K/8/R7/2R5/1kP5/2R5/8/8 w - - ,15
KQRRPK,1R6/1Q6/1RK5/1P6/8/8/8/k7 w - - ,9
KRRPKN,8/RK6/3n4/3k4/2R5/4P3/8/8 w - - ,107
KRRPKB,8/8/8/8/8/3bP3/4R3/RK1k4 w - - ,139
KRRPKR,8/8/8/8/2k5/8/1R4P1/r2K2R1 w - - ,149
KRRPKQ,7q/k7/8/1R6/8/8/2R2P2/7K w - - ,505
KQQRPK,8/8/8/8/2P1R1QQ/8/4K3/k7 w - - ,7
KQRPKN,8/R7/8/4Q3/8/Pk1n4/8/4K3 w - - ,101
KQRPKB,8/8/4Q3/3b4/8/8/K1kP4/R7 w - - ,133
KQRPKR,8/8/8/8/2k5/8/1R4P1/r2K2Q1 w - - ,149
KQRPKQ,8/4R3/8/8/8/K1q1P1Q1/8/k7 w - - ,253
KRPKNN,8/1P1k4/2R5/n7/1n6/K7/8/8 w - - ,505
KRPKBN,8/6P1/8/7n/5K2/4R1b1/8/1k6 w - - ,407
KRPKRN,8/5R2/8/8/2k2n2/5K2/6P1/4r3 w - - ,149
KRPKQN,7n/6P1/k7/8/1R6/8/7q/5K2 w - - ,157
KRPKBB,8/8/2P5/2kb2R1/4b1K1/8/8/8 w - - ,271
KRPKRB,8/5R2/8/8/2k1rb2/8/4K1P1/8 w - - ,151
KRPKQB,bK6/6P1/8/2q5/8/1k6/8/R7 w - - ,179
KRPKRR,8/5R2/8/8/2k2r2/5K2/6P1/4r3 w - - ,149
KRPKQR,6R1/5P2/8/2k1r2q/8/K7/8/8 w - - ,235
KRPKQQ,8/7P/2q5/8/8/2k5/6RK/q7 w - - ,159
KQQQPK,8/1Q6/1Q6/7Q/1P6/8/4K3/k7 w - - ,7
KQQPKN,8/8/8/8/P2Q4/K4Q2/2n5/1k6 w - - ,47
KQQPKB,8/8/8/3b4/4Q3/P1k5/K6Q/8 w - - ,31
KQQPKR,k7/P5Q1/Q7/8/8/8/r7/K7 w - - ,91
KQQPKQ,k1K1q3/8/8/8/8/8/6P1/5Q1Q w - - ,243
KQPKNN,8/2n5/8/K7/1Pn5/8/2k5/7Q w - - ,159
KQPKBN,1K6/3n4/2k3P1/4Q3/8/8/5b2/8 w - - ,111
KQPKRN,8/2n5/8/8/1K3r2/Q7/2kP4/8 w - - ,219
KQPKQN,4n1Q1/8/8/8/2K5/4P3/k4q2/8 w - - ,255
KQPKBB,8/8/P7/8/3k4/4b3/4b3/5QK1 w - - ,167
KQPKRB,8/1kb5/8/8/3r4/8/4P3/2K1Q3 w - - ,309
KQPKQB,4b3/8/8/8/6Q1/k1K1P3/5q2/8 w - - ,255
KQPKRR,8/1k2P3/8/4K3/8/8/2r4r/Q7 w - - ,329
KQPKQR,4r3/8/8/8/8/4P3/1k1K1Q2/1q6 w - - ,251
KQPKQQ,2Q5/8/7q/8/8/4P3/3q4/k1K5 w - - ,247
KPKNNN,n7/8/5P2/k6K/8/8/8/n6n w - - ,163
KPKBNN,8/1P3n2/1b2K3/n7/8/8/8/k7 w - - ,179
KPKRNN,7n/5P2/1r6/8/8/k2K4/6n1/8 w - - ,163
KPKQNN,1n1n2q1/2P2K2/8/8/8/8/k7/8 w - - ,147
KPKBBN,8/bb3P2/8/8/8/2k5/8/1K1n4 w - - ,229
KPKRBN,1n5r/P7/1b6/8/8/k7/8/4K3 w - - ,159
KPKQBN,8/3P4/8/8/8/2k5/8/Kq2n2b w - - ,109
KPKRRN,k7/2P4r/8/8/8/3r4/8/1nK5 w - - ,143
KPKQRN,1n1q4/1KP5/8/8/8/8/4r3/1k6 w - - ,135
KPKQQN,8/6P1/8/8/8/2K2n2/k7/5q1q w - - ,47
KPKBBB,8/4P3/8/4b1b1/8/7b/5K2/3k4 w - - ,195
KPKRBB,5b1r/P7/k7/8/8/8/4b1K1/8 w - - ,179
KPKQBB,1K6/2Pkb3/4b3/8/8/8/8/7q w - - ,167
KPKRRB,8/2Pr4/7b/5r2/8/8/8/2k4K w - - ,143
KPKQRB,3q4/2P5/7b/7r/8/8/8/1k4K1 w - - ,139
KPKQQB,qk4q1/5P2/6b1/1K6/8/8/8/8 w - - ,47
KPKRRR,4K3/Pr6/6r1/8/k7/8/8/r7 w - - ,101
KPKQRR,3qK3/2P5/3k2r1/8/8/8/8/r7 w - - ,99
KPKQQR,8/P7/5q2/5r2/8/1K6/7q/k7 w - - ,77
KPKQQQ,k4q2/4P3/2K5/7q/8/8/3q4/8 w - - ,19
KNNNKP,8/7p/8/8/8/2NN4/3k2K1/N7 w - - ,217
KBNNKP,8/8/8/1kB4p/2N3K1/8/8/N7 w - - ,215
KRNNKP,8/8/8/p7/1K6/4R3/3k4/6NN w - - ,213
KQNNKP,8/8/8/6p1/6KQ/2N5/8/k2N4 w - - ,183
KNNKNP,7n/1K2p3/8/8/8/3N4/3N4/k7 w - - ,275
KNNKBP,1N6/8/p7/8/8/8/b1k1N3/K7 w - - ,229
KNNKRP,1N6/8/p7/8/8/8/r1k1N3/K7 w - - ,229
KNNKQP,1N6/8/p7/8/8/8/q1k1N3/K7 w - - ,229
KBBNKP,8/8/3K4/8/8/kB1B4/1p6/N7 w - - ,205
KRBNKP,R3B3/N7/8/8/8/3K4/6p1/1k6 w - - ,243
KQBNKP,Q3B3/N7/8/8/8/8/1p6/K1k5 w - - ,145
KBNKNP,k7/6p1/8/1n1K4/8/5N2/8/4B3 w - - ,255
KBNKBP,8/8/3b4/2K5/1p6/8/k7/5B1N w - - ,209
KBNKRP,8/8/3r4/2K5/1p6/8/k7/5B1N w - - ,209
KBNKQP,8/8/3q4/2K5/1p6/8/k7/5B1N w - - ,209
KRRNKP,N7/8/8/5R2/8/7R/3p4/2k1K3 w - - ,177
KQRNKP,4Q2R/8/8/8/8/8/1p6/K1k3N1 w - - ,97
KRNKNP,8/8/8/8/k7/8/N2p2R1/4n1K1 w - - ,503
KRNKBP,5N2/4K3/8/5R2/1p6/8/k6b/8 w - - ,387
KRNKRP,k7/8/1K4p1/8/r7/8/3N4/3R4 w - - ,103
KRNKQP,8/8/8/4R3/8/3p2q1/3k3N/K7 w - - ,61
KQQNKP,8/Q7/2Q5/2N5/8/8/1p6/K1k5 w - - ,73
KQNKNP,8/8/8/2k5/2nN4/5Q2/1p1K4/8 w - - ,131
KQNKBP,3K4/8/8/b7/8/6Q1/kp1N4/8 w - - ,101
KQNKRP,8/2r4K/8/2N5/2p5/8/k7/7Q w - - ,205
KQNKQP,8/3k1K2/5p2/6N1/8/8/6Q1/q7 w - - ,129
KNKNNP,8/8/1n3n2/8/5N2/8/p1K5/k7 w - - ,13
KNKBNP,8/8/8/b7/8/pn6/3N4/k1K5 w - - ,15
KNKRNP,8/8/8/8/3N4/pn6/3r4/k1K5 w - - ,15
KNKQNP,8/8/8/q7/8/pn6/3N4/k1K5 w - - ,15
KNKBBP,8/8/8/b7/8/pb6/3N4/k1K5 w - - ,15
KNKRBP,8/8/8/8/3N4/pb6/3r4/k1K5 w - - ,15
KNKQBP,8/8/8/q7/8/pb6/3N4/k1K5 w - - ,15
KNKRRP,8/8/8/8/3N4/pr6/3r4/k1K5 w - - ,15
KNKQRP,8/8/8/8/3N4/pq6/3r4/k1K5 w - - ,15
KNKQQP,8/8/8/q7/8/pq6/3N4/k1K5 w - - ,15
KBBBKP,8/8/2B5/8/8/8/1Bkp4/B3K3 w - - ,147
KRBBKP,8/8/8/8/8/8/BR1p4/B1k1K3 w - - ,151
KQBBKP,8/8/8/8/8/4Q3/1pkB3B/K7 w - - ,157
KBBKNP,K7/8/8/k7/Bp6/7n/7B/8 w - - ,261
KBBKBP,8/8/8/2k5/1b5B/3B2p1/4K3/8 w - - ,149
KBBKRP,8/8/8/2k5/6B1/1p2r3/8/3KB3 w - - ,151
KBBKQP,8/8/8/2k5/1q5B/3B2p1/4K3/8 w - - ,149
KRRBKP,8/8/8/7R/8/8/1p6/K1k3BR w - - ,145
KQRBKP,Q7/R7/8/1B6/8/8/1p6/K1k5 w - - ,111
KRBKNP,8/4K3/2n5/8/6R1/3p2B1/3k4/8 w - - ,457
KRBKBP,8/8/8/8/8/K7/1pkb4/3R3B w - - ,201
KRBKRP,k2r4/8/8/Kp6/8/7R/8/3B4 w - - ,153
KRBKQP,6R1/8/7B/4q3/8/5K2/6p1/k7 w - - ,75
KQQBKP,3Q4/Q7/8/8/2B5/8/1p6/K1k5 w - - ,59
KQBKNP,8/6Q1/8/3n4/1K3B2/8/1pk5/8 w - - ,125
KQBKBP,5B2/8/1K6/8/2k5/8/7p/Q5b1 w - - ,115
KQBKRP,8/7Q/8/1pr4K/2B5/8/1k6/8 w - - ,209
KQBKQP,7q/7p/8/k7/6BQ/8/8/4K3 w - - ,125
KBKNNP,8/8/8/8/6n1/8/p1n5/k1K3B1 w - - ,19
KBKBNP,1B6/8/8/8/8/8/p1b5/k2K2n1 w - - ,17
KBKRNP,1B6/8/8/8/8/8/p1r5/k1K3n1 w - - ,17
KBKQNP,1B6/8/8/8/8/8/p1q5/k1K3n1 w - - ,17
KBKBBP,8/8/8/8/8/8/p1b5/kbBK4 w - - ,7
KBKRBP,8/8/8/6B1/8/8/p6r/k2K1b2 w - - ,9
KBKQBP,8/8/8/8/8/B7/p7/kbKq4 w - - ,5
KBKRRP,8/8/8/8/8/r7/p3r3/k1K3B1 w - - ,5
KBKQRP,8/8/8/8/8/5q2/p3r3/k1K3B1 w - - ,5
KBKQQP,8/8/8/8/8/3q4/p5qB/k1K5 w - - ,5
KRRRKP,7R/8/5R2/8/8/5R2/1pk5/K7 w - - ,91
KQRRKP,8/R7/8/3Q4/5R2/2k5/1p6/K7 w - - ,89
KRRKNP,8/k7/8/pR6/4K3/2n5/5R2/8 w - - ,131
KRRKBP,8/5R2/8/8/k2K4/1R3b2/3p4/8 w - - ,85
KRRKRP,8/8/8/K7/8/kpR5/2R5/7r w - - ,159
KRRKQP,8/8/1qk1p1K1/8/8/8/3R4/R7 w - - ,89
KQQRKP,7R/8/8/1Q6/7Q/2k5/3p4/2K5 w - - ,73
KQRKNP,8/5R2/8/K7/8/1n6/2p4Q/1k6 w - - ,137
KQRKBP,5K2/3k4/8/8/2R5/b7/Q4p2/8 w - - ,161
KQRKRP,8/1K6/3Q3R/1r6/k7/8/4p3/8 w - - ,225
KQRKQP,4RQ2/8/5K2/3q4/8/3p4/2k5/8 w - - ,205
KRKNNP,2k5/p3K3/5n2/8/8/8/n2R4/8 w - - ,135
KRKBNP,k7/p3b3/4K3/8/8/8/4R3/7n w - - ,133
KRKRNP,k7/p3r3/4K3/8/8/8/4R3/7n w - - ,133
KRKQNP,k7/p3q3/4K3/8/8/8/4R3/7n w - - ,133
KRKBBP,8/7p/8/8/k1b5/2K5/8/b5R1 w - - ,77
KRKRBP,8/7p/8/8/k1r5/2K5/8/b5R1 w - - ,77
KRKQBP,8/7p/8/8/k1q5/2K5/8/b5R1 w - - ,77
KRKRRP,2K5/1p1r4/1k6/8/8/8/1r6/1R6 w - - ,57
KRKQRP,2K5/1p1r4/1k6/8/8/8/1q6/1R6 w - - ,57
KRKQQP,3K4/8/5p2/8/q1k3q1/8/8/R7 w - - ,55
KQQQKP,k7/5Q2/8/4Q3/8/8/1p1Q4/2K5 w - - ,51
KQQKNP,8/8/8/8/7Q/2k5/2pnQ3/1K6 w - - ,119
KQQKBP,8/Q7/8/8/4b3/1k6/5p2/QK6 w - - ,101
KQQKRP,8/8/1pk5/K7/8/8/Qr6/4Q3 w - - ,193
KQQKQP,QQ6/8/8/8/1K4q1/8/4p3/2k5 w - - ,119
KQKNNP,8/6pQ/8/n2k4/8/1n6/8/4K3 w - - ,233
KQKBNP,6Q1/7K/6p1/8/8/k2b4/n7/8 w - - ,445
KQKRNP,7n/5rp1/8/Q7/8/8/2k5/K7 w - - ,327
KQKQNP,8/8/6Q1/8/8/8/4p1n1/Kq1k4 w - - ,125
KQKBBP,8/3k4/8/8/2p2Q2/2b5/4b3/7K w - - ,307
KQKRBP,1b6/8/8/K3p3/8/6Q1/8/2k2r2 w - - ,237
KQKQBP,4q3/3K4/8/8/8/1p4Q1/k2b4/8 w - - ,101
KQKRRP,K7/8/8/5p2/3k4/1Q2r3/8/7r w - - ,215
KQKQRP,8/1q6/7K/2r5/2p5/8/6Q1/1k6 w - - ,207
KQKQQP,K7/8/8/8/8/4p3/Q6q/q1k5 w - - ,57
KKNNNP,,
KKBNNP,,
KKRNNP,,
KKQNNP,,
KKBBNP,,
KKRBNP,,
KKQBNP,,
KKRRNP,,
KKQRNP,,
KKQQNP,,
KKBBBP,,
KKRBBP,,
KKQBBP,,
KKRRBP,,
KKQRBP,,
KKQQBP,,
KKRRRP,,
KKQRRP,,
KKQQRP,,
KKQQQP,,
KNNPPK,N7/N7/6K1/2k5/8/1P6/1P6/8 w - - ,63
KBNPPK,N1k4K/2P5/2P5/B7/8/8/8/8 w - - ,65
KRNPPK,RN6/Pk6/8/8/8/8/P7/7K w - - ,39
KQNPPK,8/8/8/8/8/8/k1PP4/N1QK4 w - - ,25
KNPPKN,N7/8/8/1k6/8/6P1/n5P1/4K3 w - - ,185
KNPPKB,8/8/N1b5/8/k7/8/2P1P3/K7 w - - ,175
KNPPKR,8/k1PN1r2/8/8/8/1P6/8/K7 w - - ,193
KNPPKQ,8/2P5/3N4/8/8/4P2K/k7/q7 w - - ,259
KBBPPK,1B6/8/8/8/8/P1Bk1K2/P7/8 w - - ,49
KRBPPK,8/8/8/8/BR6/kP6/P7/K7 w - - ,31
KQBPPK,K7/8/8/8/8/8/k1PP4/2QB4 w - - ,27
KBPPKN,8/P7/1k6/2n5/B3K3/8/P7/8 w - - ,209
KBPPKB,8/8/k1K5/8/1P6/B7/4P3/7b w - - ,163
KBPPKR,8/4P3/1r6/8/5B2/8/P7/K2k4 w - - ,297
KBPPKQ,8/5B1P/8/8/3k4/7P/4q3/1K6 w - - ,315
KRRPPK,8/8/8/8/1RPR4/2k5/2P5/1K6 w - - ,23
KQRPPK,8/8/8/1Q6/8/1P6/1RP5/k6K w - - ,15
KRPPKN,8/4R3/8/K1k1P3/2n5/4P3/8/8 w - - ,107
KRPPKB,7b/8/8/8/1R6/3P4/2kP4/K7 w - - ,139
KRPPKR,8/8/8/8/1k6/3r2P1/7P/K6R w - - ,189
KRPPKQ,8/k1P5/8/8/1R5P/8/K7/7q w - - ,431
KQQPPK,Q7/QK6/PP6/8/8/8/8/k7 w - - ,9
KQPPKN,8/8/2K5/8/1n6/6P1/Q3P3/2k5 w - - ,87
KQPPKB,8/8/8/8/1k6/2b3P1/1K4P1/Q7 w - - ,67
KQPPKR,6rK/8/8/8/4PP2/8/2Q5/k7 w - - ,107
KQPPKQ,8/3k4/8/7Q/8/P7/7P/4K2q w - - ,363
KPPKNN,8/8/4P3/3k4/1P6/6n1/8/n3K3 w - - ,165
KPPKBN,8/8/8/P6P/K1k5/8/4b3/4n3 w - - ,121
KPPKRN,8/P7/5n2/K7/8/1k3r2/3P4/8 w - - ,221
KPPKQN,4n3/6P1/8/8/8/2K1P3/k4q2/8 w - - ,255
KPPKBB,8/2K5/1P3P2/3k4/8/8/8/bb6 w - - ,173
KPPKRB,8/7P/r7/8/5b2/k7/4P3/K7 w - - ,309
KPPKQB,2b5/q6P/8/8/4K3/4P3/8/k7 w - - ,249
KPPKRR,8/3k1P1P/6K1/8/4r3/8/8/r7 w - - ,297
KPPKQR,2r5/1P6/7q/8/8/4P3/3K4/k7 w - - ,247
KPPKQQ,2q5/1P6/7q/8/8/4P3/3K4/k7 w - - ,247
KNNPKP,1N6/8/p7/8/2Pk4/8/8/1K4N1 w - - ,227
KBNPKP,8/8/3K4/8/8/1P6/1pk5/5B1N w - - ,205
KRNPKP,5N2/8/4K3/4P3/3k4/1R6/2p5/8 w - - ,241
KQNPKP,8/8/8/8/5Q2/4P3/1pN5/K1k5 w - - ,229
KNPKNP,n7/2PK3p/8/8/8/8/1k3N2/8 w - - ,207
KNPKBP,8/7P/8/3K3b/k2N4/8/1p6/8 w - - ,213
KNPKRP,8/pP6/k2N4/8/4r3/K7/8/8 w - - ,215
KNPKQP,8/1k1P1q2/7p/8/8/N7/8/4K3 w - - ,221
KBBPKP,8/8/P6K/1B6/8/3B4/1k4p1/8 w - - ,193
KRBPKP,8/8/3P4/8/1R2K3/7B/4p3/k7 w - - ,239
KQBPKP,3B4/8/8/8/8/4P1Q1/1p6/K1k5 w - - ,223
KBPKNP,8/5P2/8/2n5/1k6/8/1p1K4/3B4 w - - ,319
KBPKBP,8/P7/8/8/1k6/8/1p1K1b2/3B4 w - - ,139
KBPKRP,K7/8/4B2P/8/5p2/4r3/2k5/8 w - - ,207
KBPKQP,8/7p/8/8/8/K7/4B2P/1k1q4 w - - ,135
KRRPKP,8/k7/8/8/2R3RP/8/7p/4K3 w - - ,435
KQRPKP,5Q1R/8/8/8/8/8/1p2P3/K1k5 w - - ,247
KRPKNP,3n4/1P6/2k5/8/8/8/4K1p1/7R w - - ,395
KRPKBP,8/1P2R3/k7/8/8/8/2p5/1b5K w - - ,331
KRPKRP,8/7P/1K5R/8/1r1k4/8/4p3/8 w - - ,231
KRPKQP,4R3/5P2/5K2/3q4/1k6/3p4/8/8 w - - ,207
KQQPKP,8/8/8/Q7/6Q1/8/1p1P4/K1k5 w - - ,217
KQPKNP,8/n7/8/1K6/8/4PQ2/1p6/k7 w - - ,249
KQPKBP,4b3/8/8/Q7/8/1k2P3/1p6/2K5 w - - ,251
KQPKRP,8/8/8/1K6/2Q5/1r2P3/1k4p1/8 w - - ,251
KQPKQP,8/3q4/2p4P/8/7Q/1k6/8/K7 w - - ,301
KPKNNP,8/8/p4KP1/8/8/8/7n/k2n4 w - - ,233
KPKBNP,K7/P7/1p6/8/6n1/2b5/8/3k4 w - - ,447
KPKRNP,7n/1r2P3/6p1/8/8/8/3k4/K7 w - - ,327
KPKQNP,8/4q3/3K4/1p5P/8/8/1n6/k7 w - - ,115
KPKBBP,8/3k1P2/8/8/2p5/2b5/8/3b3K w - - ,309
KPKRBP,1b4r1/P7/8/4p3/8/8/3k4/K7 w - - ,231
KPKQBP,4q3/3K2P1/8/8/1p6/8/3b4/k7 w - - ,101
KPKRRP,K7/2P5/8/2k2p2/8/4r3/8/7r w - - ,213
KPKQRP,K6q/6P1/4r3/8/5p2/8/2k5/8 w - - ,205
KPKQQP,1K5q/6P1/8/8/3k4/8/3p4/q7 w - - ,55
KNNKPP,N7/pp6/8/8/8/K7/8/1Nk5 w - - ,259
KBNKPP,k1K5/7p/6NB/8/8/5p2/8/8 w - - ,247
KRNKPP,8/2K5/R6N/8/8/2p5/5p2/3k4 w - - ,375
KQNKPP,8/3k4/3N1p2/6K1/8/8/p2Q4/8 w - - ,125
KNKNPP,2N5/2p5/8/8/8/p7/2n5/k1K5 w - - ,33
KNKBPP,1b6/2p5/8/8/1N6/p7/8/k1K5 w - - ,35
KNKRPP,2N5/2p5/8/8/8/p7/2r5/k1K5 w - - ,33
KNKQPP,2N5/2p5/8/8/8/p7/2q5/k1K5 w - - ,33
KBBKPP,B7/B7/8/5p2/8/2p5/1K1k4/8 w - - ,207
KRBKPP,8/8/8/8/B7/3k4/2Rp1p1K/8 w - - ,415
KQBKPP,8/8/8/4K3/8/8/p1B1Q2p/2k5 w - - ,91
KBKNPP,8/8/8/8/8/4p3/p2n4/k1K1B3 w - - ,37
KBKBPP,8/B7/8/4p3/8/8/p6b/k1K5 w - - ,11
KBKRPP,8/8/8/r1p5/8/4B3/p7/k1K5 w - - ,11
KBKQPP,8/8/8/1p6/8/8/p2B4/k1K1q3 w - - ,7
KRRKPP,8/8/k7/p7/1K6/3R4/2p1R3/8 w - - ,95
KQRKPP,8/8/4QR2/8/8/4p3/1pk5/K7 w - - ,193
KRKNPP,k7/p7/8/1R6/pK6/5n2/8/8 w - - ,143
KRKBPP,k3b3/8/8/1K3p2/8/1p4R1/8/8 w - - ,93
KRKRPP,8/5p2/2R5/8/8/8/k1r1p3/3K4 w - - ,83
KRKQPP,8/5p2/2R5/8/8/8/k1q1p3/3K4 w - - ,83
KQQKPP,6Q1/8/8/8/8/8/1pkp2Q1/K7 w - - ,79
KQKNPP,2Q5/8/8/4p3/8/8/n1p5/3k1K2 w - - ,197
KQKBPP,8/Q7/1p6/2b5/8/8/3p4/K1k5 w - - ,427
KQKRPP,7Q/2k2pp1/8/6r1/8/8/8/7K w - - ,241
KQKQPP,8/8/5K2/2p5/Q7/3p4/6q1/2k5 w - - ,87
KKNNPP,,
KKBNPP,,
KKRNPP,,
KKQNPP,,
KKBBPP,,
KKRBPP,,
KKQBPP,,
KKRRPP,,
KKQRPP,,
KKQQPP,,
KNPPPK,N7/1k5K/8/8/1P6/1P6/1P6/8 w - - ,63
KBPPPK,8/1P6/kB6/8/P7/8/P7/7K w - - ,51
KRPPPK,8/1R6/2k5/2P5/8/3P4/3P4/7K w - - ,29
KQPPPK,8/8/8/8/8/2P5/k1PP4/2QK4 w - - ,25
KPPPKN,8/2P5/3k1n2/8/4K3/6P1/6P1/8 w - - ,173
KPPPKB,8/1P1k4/8/4K3/8/8/P3Pb2/8 w - - ,155
KPPPKR,8/2P5/2P1r3/k7/8/2K5/5P2/8 w - - ,139
KPPPKQ,k7/6P1/8/8/4q3/P7/5K1P/8 w - - ,355
KNPPKP,8/8/2PN4/8/6K1/4P3/k4p2/8 w - - ,261
KBPPKP,8/8/8/7B/4p2P/K2k3P/8/8 w - - ,301
KRPPKP,8/k1P5/8/8/1R5P/8/7p/3K4 w - - ,421
KQPPKP,8/8/8/Q7/8/8/1Pp1P3/1k1K4 w - - ,245
KPPKNP,8/8/8/4P3/1p6/4P3/k7/3nK3 w - - ,255
KPPKBP,8/8/8/1p6/4P3/2b1P3/k1K5/8 w - - ,255
KPPKRP,8/8/8/1p6/4P3/2r1P3/k1K5/8 w - - ,255
KPPKQP,8/P7/2p4P/3q4/k7/8/8/K7 w - - ,293
KNPKPP,8/p7/kP6/N7/K7/p7/8/8 w - - ,215
KBPKPP,8/1p6/8/7p/8/8/1k5P/3K1B2 w - - ,161
KRPKPP,8/1R3K2/8/4p3/8/2Pp4/3k4/8 w - - ,205
KQPKPP,2k5/2p5/1K6/7P/7Q/8/6p1/8 w - - ,281
KPKNPP,8/1p6/3P4/3k4/6n1/2K5/3p4/8 w - - ,217
KPKBPP,8/8/6p1/1P6/4p3/1k5K/2b5/8 w - - ,423
KPKRPP,8/5ppP/1k6/6r1/8/8/8/7K w - - ,243
KPKQPP,8/P7/8/4q3/2pK4/3p4/8/k7 w - - ,85
KNKPPP,8/2p5/3p4/5N2/8/p7/8/k1K5 w - - ,41
KBKPPP,8/8/2p5/3p4/8/1K6/p7/k3B3 w - - ,11
KRKPPP,8/8/8/R1p3p1/3K4/8/5p2/2k5 w - - ,105
KQKPPP,8/1K6/5Q2/2p5/8/8/3p3p/2k5 w - - ,135
KKNPPP,,
KKBPPP,,
KKRPPP,,
KKQPPP,,
KPPPPK,K7/8/8/2kP4/6P1/6P1/6P1/8 w - - ,65
KPPPKP,8/k7/5P2/6K1/8/P1p5/7P/8 w - - ,341
KPPKPP,8/8/2p4P/5P2/1k6/4p3/K7/8 w - - ,281
KPKPPP,8/1K6/2p4P/8/8/3p3p/1k6/8 w - - ,137
KKPPPP,,
